context_id,depth_group,mean_single_layer_val_f1_macro
brain_tumor_mri_14c__convnext_tiny__convnext_tiny_imagenet_full_img224_colab_best_gap,Early,0.9597907668743888
brain_tumor_mri_14c__densenet121__densenet121_imagenet_full_img224_colab_best_gap,Early,0.9722646142573363
brain_tumor_mri_14c__efficientnet_b0__efficientnet_b0_imagenet_full_img224_colab_best_gap,Early,0.9210187303482891
brain_tumor_mri_14c__efficientnet_b2__efficientnet_b2_imagenet_full_img260_colab_best_gap,Early,0.9000712862293327
brain_tumor_mri_14c__efficientnet_b3__efficientnet_b3_imagenet_full_img300_colab_best_gap,Early,0.9385546958595554
brain_tumor_mri_14c__mobilenet_v3_large__mobilenet_v3_large_imagenet_full_img224_colab_best_gap,Early,0.8355494587157765
brain_tumor_mri_14c__resnet18__resnet18_imagenet_full_img224_colab_best_gap,Early,0.9775079060855436
brain_tumor_mri_14c__resnet34__resnet34_imagenet_full_img224_colab_best_gap,Early,0.97723845923278
brain_tumor_mri_14c__resnet50__resnet50_imagenet_full_img224_colab_best_gap,Early,0.9763549067170608
brain_tumor_mri_17c__convnext_tiny__convnext_tiny_imagenet_full_img224_colab_best_gap,Early,0.9539859711573256
brain_tumor_mri_17c__densenet121__densenet121_imagenet_full_img224_colab_best_gap,Early,0.9611217074618488
brain_tumor_mri_17c__efficientnet_b0__efficientnet_b0_imagenet_full_img224_colab_best_gap,Early,0.8636533009959216
brain_tumor_mri_17c__efficientnet_b2__efficientnet_b2_imagenet_full_img260_colab_best_gap,Early,0.89168853462985
brain_tumor_mri_17c__efficientnet_b3__efficientnet_b3_imagenet_full_img300_colab_best_gap,Early,0.911584709283142
brain_tumor_mri_17c__mobilenet_v3_large__mobilenet_v3_large_imagenet_full_img224_colab_best_gap,Early,0.7638699221838121
brain_tumor_mri_17c__resnet18__resnet18_imagenet_full_img224_colab_best_gap,Early,0.9443708669128686
brain_tumor_mri_17c__resnet34__resnet34_imagenet_full_img224_colab_best_gap,Early,0.9508651190701584
brain_tumor_mri_17c__resnet50__resnet50_imagenet_full_img224_colab_best_gap,Early,0.9485024521161856
brain_tumor_mri_44c__convnext_tiny__convnext_tiny_imagenet_full_img224_colab_best_gap,Early,0.907734417581598
brain_tumor_mri_44c__densenet121__densenet121_imagenet_full_img224_colab_best_gap,Early,0.9256299770487716
brain_tumor_mri_44c__efficientnet_b0__efficientnet_b0_imagenet_full_img224_colab_best_gap,Early,0.8537306098357778
brain_tumor_mri_44c__efficientnet_b2__efficientnet_b2_imagenet_full_img260_colab_best_gap,Early,0.8458054916839062
brain_tumor_mri_44c__efficientnet_b3__efficientnet_b3_imagenet_full_img300_colab_best_gap,Early,0.8908066008636004
brain_tumor_mri_44c__mobilenet_v3_large__mobilenet_v3_large_imagenet_full_img224_colab_best_gap,Early,0.7508647080347955
brain_tumor_mri_44c__resnet18__resnet18_imagenet_full_img224_colab_best_gap,Early,0.908319579937406
brain_tumor_mri_44c__resnet34__resnet34_imagenet_full_img224_colab_best_gap,Early,0.9119093158953778
brain_tumor_mri_44c__resnet50__resnet50_imagenet_full_img224_colab_best_gap,Early,0.9003637742267281
brain_tumor_mri_4c__convnext_tiny__convnext_tiny_imagenet_full_img224_colab_best_gap,Early,0.944061968328022
brain_tumor_mri_4c__densenet121__densenet121_imagenet_full_img224_colab_best_gap,Early,0.9417997185927052
brain_tumor_mri_4c__efficientnet_b0__efficientnet_b0_imagenet_full_img224_colab_best_gap,Early,0.8994614832942154
brain_tumor_mri_4c__efficientnet_b2__efficientnet_b2_imagenet_full_img260_colab_best_gap,Early,0.8929535770508535
brain_tumor_mri_4c__efficientnet_b3__efficientnet_b3_imagenet_full_img300_colab_best_gap,Early,0.9093473892485762
brain_tumor_mri_4c__mobilenet_v3_large__mobilenet_v3_large_imagenet_full_img224_colab_best_gap,Early,0.8485855966025158
brain_tumor_mri_4c__resnet18__resnet18_imagenet_full_img224_colab_best_gap,Early,0.9353349161559316
brain_tumor_mri_4c__resnet34__resnet34_imagenet_full_img224_colab_best_gap,Early,0.9405927740524292
brain_tumor_mri_4c__resnet50__resnet50_imagenet_full_img224_colab_best_gap,Early,0.945276941815979
sciencedb_brain_tumor_3c__convnext_tiny__convnext_tiny_imagenet_full_img224_colab_best_gap,Early,0.8540016081739031
sciencedb_brain_tumor_3c__densenet121__densenet121_imagenet_full_img224_colab_best_gap,Early,0.881668917121145
sciencedb_brain_tumor_3c__efficientnet_b0__efficientnet_b0_imagenet_full_img224_colab_best_gap,Early,0.7661112823009923
sciencedb_brain_tumor_3c__efficientnet_b2__efficientnet_b2_imagenet_full_img260_colab_best_gap,Early,0.752281588732675
sciencedb_brain_tumor_3c__efficientnet_b3__efficientnet_b3_imagenet_full_img300_colab_best_gap,Early,0.8081399442217021
sciencedb_brain_tumor_3c__mobilenet_v3_large__mobilenet_v3_large_imagenet_full_img224_colab_best_gap,Early,0.6667719200327626
sciencedb_brain_tumor_3c__resnet18__resnet18_imagenet_full_img224_colab_best_gap,Early,0.872419341457168
sciencedb_brain_tumor_3c__resnet34__resnet34_imagenet_full_img224_colab_best_gap,Early,0.8704626042755539
sciencedb_brain_tumor_3c__resnet50__resnet50_imagenet_full_img224_colab_best_gap,Early,0.869200282272558
brain_tumor_mri_14c__convnext_tiny__convnext_tiny_imagenet_full_img224_colab_best_gap,Mid,0.9482205564096136
brain_tumor_mri_14c__densenet121__densenet121_imagenet_full_img224_colab_best_gap,Mid,0.9810956029052706
brain_tumor_mri_14c__efficientnet_b0__efficientnet_b0_imagenet_full_img224_colab_best_gap,Mid,0.9751288008087592
brain_tumor_mri_14c__efficientnet_b2__efficientnet_b2_imagenet_full_img260_colab_best_gap,Mid,0.9776570116412568
brain_tumor_mri_14c__efficientnet_b3__efficientnet_b3_imagenet_full_img300_colab_best_gap,Mid,0.9755417403314729
brain_tumor_mri_14c__mobilenet_v3_large__mobilenet_v3_large_imagenet_full_img224_colab_best_gap,Mid,0.9709571338842096
brain_tumor_mri_14c__resnet18__resnet18_imagenet_full_img224_colab_best_gap,Mid,0.9765064098083904
brain_tumor_mri_14c__resnet34__resnet34_imagenet_full_img224_colab_best_gap,Mid,0.9834213976035332
brain_tumor_mri_14c__resnet50__resnet50_imagenet_full_img224_colab_best_gap,Mid,0.981506296142962
brain_tumor_mri_17c__convnext_tiny__convnext_tiny_imagenet_full_img224_colab_best_gap,Mid,0.9311456999977004
brain_tumor_mri_17c__densenet121__densenet121_imagenet_full_img224_colab_best_gap,Mid,0.971347728393594
brain_tumor_mri_17c__efficientnet_b0__efficientnet_b0_imagenet_full_img224_colab_best_gap,Mid,0.9717828966478703
brain_tumor_mri_17c__efficientnet_b2__efficientnet_b2_imagenet_full_img260_colab_best_gap,Mid,0.9656911067522806
brain_tumor_mri_17c__efficientnet_b3__efficientnet_b3_imagenet_full_img300_colab_best_gap,Mid,0.9634462319350388
brain_tumor_mri_17c__mobilenet_v3_large__mobilenet_v3_large_imagenet_full_img224_colab_best_gap,Mid,0.9481909445632963
brain_tumor_mri_17c__resnet18__resnet18_imagenet_full_img224_colab_best_gap,Mid,0.9559428140104964
brain_tumor_mri_17c__resnet34__resnet34_imagenet_full_img224_colab_best_gap,Mid,0.9705691158983328
brain_tumor_mri_17c__resnet50__resnet50_imagenet_full_img224_colab_best_gap,Mid,0.9619850822875292
brain_tumor_mri_44c__convnext_tiny__convnext_tiny_imagenet_full_img224_colab_best_gap,Mid,0.8587762839494762
brain_tumor_mri_44c__densenet121__densenet121_imagenet_full_img224_colab_best_gap,Mid,0.9399930565692612
brain_tumor_mri_44c__efficientnet_b0__efficientnet_b0_imagenet_full_img224_colab_best_gap,Mid,0.9379804834750821
brain_tumor_mri_44c__efficientnet_b2__efficientnet_b2_imagenet_full_img260_colab_best_gap,Mid,0.9128782088480624
brain_tumor_mri_44c__efficientnet_b3__efficientnet_b3_imagenet_full_img300_colab_best_gap,Mid,0.9242076373070554
brain_tumor_mri_44c__mobilenet_v3_large__mobilenet_v3_large_imagenet_full_img224_colab_best_gap,Mid,0.9017074133412852
brain_tumor_mri_44c__resnet18__resnet18_imagenet_full_img224_colab_best_gap,Mid,0.9304407188920149
brain_tumor_mri_44c__resnet34__resnet34_imagenet_full_img224_colab_best_gap,Mid,0.9298121656121604
brain_tumor_mri_44c__resnet50__resnet50_imagenet_full_img224_colab_best_gap,Mid,0.9209901651815492
brain_tumor_mri_4c__convnext_tiny__convnext_tiny_imagenet_full_img224_colab_best_gap,Mid,0.9426729714571164
brain_tumor_mri_4c__densenet121__densenet121_imagenet_full_img224_colab_best_gap,Mid,0.9677782739999315
brain_tumor_mri_4c__efficientnet_b0__efficientnet_b0_imagenet_full_img224_colab_best_gap,Mid,0.9624807328693468
brain_tumor_mri_4c__efficientnet_b2__efficientnet_b2_imagenet_full_img260_colab_best_gap,Mid,0.9630013827629923
brain_tumor_mri_4c__efficientnet_b3__efficientnet_b3_imagenet_full_img300_colab_best_gap,Mid,0.9655031265472436
brain_tumor_mri_4c__mobilenet_v3_large__mobilenet_v3_large_imagenet_full_img224_colab_best_gap,Mid,0.9426482542108138
brain_tumor_mri_4c__resnet18__resnet18_imagenet_full_img224_colab_best_gap,Mid,0.9569878191904668
brain_tumor_mri_4c__resnet34__resnet34_imagenet_full_img224_colab_best_gap,Mid,0.9714885746560792
brain_tumor_mri_4c__resnet50__resnet50_imagenet_full_img224_colab_best_gap,Mid,0.9643248703423656
sciencedb_brain_tumor_3c__convnext_tiny__convnext_tiny_imagenet_full_img224_colab_best_gap,Mid,0.8891082033920643
sciencedb_brain_tumor_3c__densenet121__densenet121_imagenet_full_img224_colab_best_gap,Mid,0.9315211509032724
sciencedb_brain_tumor_3c__efficientnet_b0__efficientnet_b0_imagenet_full_img224_colab_best_gap,Mid,0.929475357460056
sciencedb_brain_tumor_3c__efficientnet_b2__efficientnet_b2_imagenet_full_img260_colab_best_gap,Mid,0.9214549344272206
sciencedb_brain_tumor_3c__efficientnet_b3__efficientnet_b3_imagenet_full_img300_colab_best_gap,Mid,0.9347442123682181
sciencedb_brain_tumor_3c__mobilenet_v3_large__mobilenet_v3_large_imagenet_full_img224_colab_best_gap,Mid,0.8742645666654816
sciencedb_brain_tumor_3c__resnet18__resnet18_imagenet_full_img224_colab_best_gap,Mid,0.9189333421289771
sciencedb_brain_tumor_3c__resnet34__resnet34_imagenet_full_img224_colab_best_gap,Mid,0.932766949858404
sciencedb_brain_tumor_3c__resnet50__resnet50_imagenet_full_img224_colab_best_gap,Mid,0.9308069598749028
brain_tumor_mri_14c__convnext_tiny__convnext_tiny_imagenet_full_img224_colab_best_gap,Deep,0.99326147536455
brain_tumor_mri_14c__densenet121__densenet121_imagenet_full_img224_colab_best_gap,Deep,0.9961534819510188
brain_tumor_mri_14c__efficientnet_b0__efficientnet_b0_imagenet_full_img224_colab_best_gap,Deep,0.9757289614244641
brain_tumor_mri_14c__efficientnet_b2__efficientnet_b2_imagenet_full_img260_colab_best_gap,Deep,0.991658472521749
brain_tumor_mri_14c__efficientnet_b3__efficientnet_b3_imagenet_full_img300_colab_best_gap,Deep,0.9814890507507039
brain_tumor_mri_14c__mobilenet_v3_large__mobilenet_v3_large_imagenet_full_img224_colab_best_gap,Deep,0.9868012726539062
brain_tumor_mri_14c__resnet18__resnet18_imagenet_full_img224_colab_best_gap,Deep,0.9887749105227428
brain_tumor_mri_14c__resnet34__resnet34_imagenet_full_img224_colab_best_gap,Deep,0.9892906990689382
brain_tumor_mri_14c__resnet50__resnet50_imagenet_full_img224_colab_best_gap,Deep,0.9920261983066097
brain_tumor_mri_17c__convnext_tiny__convnext_tiny_imagenet_full_img224_colab_best_gap,Deep,0.9831927375248986
brain_tumor_mri_17c__densenet121__densenet121_imagenet_full_img224_colab_best_gap,Deep,0.9806366944639496
brain_tumor_mri_17c__efficientnet_b0__efficientnet_b0_imagenet_full_img224_colab_best_gap,Deep,0.9729031998003854
brain_tumor_mri_17c__efficientnet_b2__efficientnet_b2_imagenet_full_img260_colab_best_gap,Deep,0.9802457789036062
brain_tumor_mri_17c__efficientnet_b3__efficientnet_b3_imagenet_full_img300_colab_best_gap,Deep,0.9824002257979041
brain_tumor_mri_17c__mobilenet_v3_large__mobilenet_v3_large_imagenet_full_img224_colab_best_gap,Deep,0.9686765922751073
brain_tumor_mri_17c__resnet18__resnet18_imagenet_full_img224_colab_best_gap,Deep,0.973411899550189
brain_tumor_mri_17c__resnet34__resnet34_imagenet_full_img224_colab_best_gap,Deep,0.9825282210265552
brain_tumor_mri_17c__resnet50__resnet50_imagenet_full_img224_colab_best_gap,Deep,0.982818926988284
brain_tumor_mri_44c__convnext_tiny__convnext_tiny_imagenet_full_img224_colab_best_gap,Deep,0.9448437081051192
brain_tumor_mri_44c__densenet121__densenet121_imagenet_full_img224_colab_best_gap,Deep,0.9460910040711972
brain_tumor_mri_44c__efficientnet_b0__efficientnet_b0_imagenet_full_img224_colab_best_gap,Deep,0.9418476659514177
brain_tumor_mri_44c__efficientnet_b2__efficientnet_b2_imagenet_full_img260_colab_best_gap,Deep,0.9367820095251471
brain_tumor_mri_44c__efficientnet_b3__efficientnet_b3_imagenet_full_img300_colab_best_gap,Deep,0.93611461304971
brain_tumor_mri_44c__mobilenet_v3_large__mobilenet_v3_large_imagenet_full_img224_colab_best_gap,Deep,0.9194420638853957
brain_tumor_mri_44c__resnet18__resnet18_imagenet_full_img224_colab_best_gap,Deep,0.9155522350109196
brain_tumor_mri_44c__resnet34__resnet34_imagenet_full_img224_colab_best_gap,Deep,0.9359951657838316
brain_tumor_mri_44c__resnet50__resnet50_imagenet_full_img224_colab_best_gap,Deep,0.9285066751102974
brain_tumor_mri_4c__convnext_tiny__convnext_tiny_imagenet_full_img224_colab_best_gap,Deep,0.9880750375681134
brain_tumor_mri_4c__densenet121__densenet121_imagenet_full_img224_colab_best_gap,Deep,0.989299812368321
brain_tumor_mri_4c__efficientnet_b0__efficientnet_b0_imagenet_full_img224_colab_best_gap,Deep,0.9809335008014624
brain_tumor_mri_4c__efficientnet_b2__efficientnet_b2_imagenet_full_img260_colab_best_gap,Deep,0.984492204026025
brain_tumor_mri_4c__efficientnet_b3__efficientnet_b3_imagenet_full_img300_colab_best_gap,Deep,0.9886628515425779
brain_tumor_mri_4c__mobilenet_v3_large__mobilenet_v3_large_imagenet_full_img224_colab_best_gap,Deep,0.9761385472695497
brain_tumor_mri_4c__resnet18__resnet18_imagenet_full_img224_colab_best_gap,Deep,0.9857029005401444
brain_tumor_mri_4c__resnet34__resnet34_imagenet_full_img224_colab_best_gap,Deep,0.9880950346611072
brain_tumor_mri_4c__resnet50__resnet50_imagenet_full_img224_colab_best_gap,Deep,0.9821648555750926
sciencedb_brain_tumor_3c__convnext_tiny__convnext_tiny_imagenet_full_img224_colab_best_gap,Deep,0.9654729234235256
sciencedb_brain_tumor_3c__densenet121__densenet121_imagenet_full_img224_colab_best_gap,Deep,0.9474197259381426
sciencedb_brain_tumor_3c__efficientnet_b0__efficientnet_b0_imagenet_full_img224_colab_best_gap,Deep,0.9456903477024803
sciencedb_brain_tumor_3c__efficientnet_b2__efficientnet_b2_imagenet_full_img260_colab_best_gap,Deep,0.9498383371501318
sciencedb_brain_tumor_3c__efficientnet_b3__efficientnet_b3_imagenet_full_img300_colab_best_gap,Deep,0.9449332400764188
sciencedb_brain_tumor_3c__mobilenet_v3_large__mobilenet_v3_large_imagenet_full_img224_colab_best_gap,Deep,0.9365439704555646
sciencedb_brain_tumor_3c__resnet18__resnet18_imagenet_full_img224_colab_best_gap,Deep,0.9474242629464084
sciencedb_brain_tumor_3c__resnet34__resnet34_imagenet_full_img224_colab_best_gap,Deep,0.9419477074649488
sciencedb_brain_tumor_3c__resnet50__resnet50_imagenet_full_img224_colab_best_gap,Deep,0.9455556139766668
brain_tumor_mri_14c__convnext_tiny__convnext_tiny_imagenet_full_img224_colab_best_gap,Final,0.9734925046774556
brain_tumor_mri_14c__densenet121__densenet121_imagenet_full_img224_colab_best_gap,Final,0.9931379855650954
brain_tumor_mri_14c__efficientnet_b0__efficientnet_b0_imagenet_full_img224_colab_best_gap,Final,0.9542046699914328
brain_tumor_mri_14c__efficientnet_b2__efficientnet_b2_imagenet_full_img260_colab_best_gap,Final,0.9807580884106784
brain_tumor_mri_14c__efficientnet_b3__efficientnet_b3_imagenet_full_img300_colab_best_gap,Final,0.9851421941267907
brain_tumor_mri_14c__mobilenet_v3_large__mobilenet_v3_large_imagenet_full_img224_colab_best_gap,Final,0.966940072851477
brain_tumor_mri_14c__resnet18__resnet18_imagenet_full_img224_colab_best_gap,Final,0.9917937129611046
brain_tumor_mri_14c__resnet34__resnet34_imagenet_full_img224_colab_best_gap,Final,0.9910501206913104
brain_tumor_mri_14c__resnet50__resnet50_imagenet_full_img224_colab_best_gap,Final,0.976070259117398
brain_tumor_mri_17c__convnext_tiny__convnext_tiny_imagenet_full_img224_colab_best_gap,Final,0.9822058486004396
brain_tumor_mri_17c__densenet121__densenet121_imagenet_full_img224_colab_best_gap,Final,0.9669142536291706
brain_tumor_mri_17c__efficientnet_b0__efficientnet_b0_imagenet_full_img224_colab_best_gap,Final,0.9717989210363707
brain_tumor_mri_17c__efficientnet_b2__efficientnet_b2_imagenet_full_img260_colab_best_gap,Final,0.9740092189840855
brain_tumor_mri_17c__efficientnet_b3__efficientnet_b3_imagenet_full_img300_colab_best_gap,Final,0.9754062521951351
brain_tumor_mri_17c__mobilenet_v3_large__mobilenet_v3_large_imagenet_full_img224_colab_best_gap,Final,0.9753094337424929
brain_tumor_mri_17c__resnet18__resnet18_imagenet_full_img224_colab_best_gap,Final,0.9677620175909428
brain_tumor_mri_17c__resnet34__resnet34_imagenet_full_img224_colab_best_gap,Final,0.983410878138968
brain_tumor_mri_17c__resnet50__resnet50_imagenet_full_img224_colab_best_gap,Final,0.9756602051918388
brain_tumor_mri_44c__convnext_tiny__convnext_tiny_imagenet_full_img224_colab_best_gap,Final,0.934647856693538
brain_tumor_mri_44c__densenet121__densenet121_imagenet_full_img224_colab_best_gap,Final,0.9382305622428296
brain_tumor_mri_44c__efficientnet_b0__efficientnet_b0_imagenet_full_img224_colab_best_gap,Final,0.9254346341601352
brain_tumor_mri_44c__efficientnet_b2__efficientnet_b2_imagenet_full_img260_colab_best_gap,Final,0.9358935398923836
brain_tumor_mri_44c__efficientnet_b3__efficientnet_b3_imagenet_full_img300_colab_best_gap,Final,0.928182266947176
brain_tumor_mri_44c__mobilenet_v3_large__mobilenet_v3_large_imagenet_full_img224_colab_best_gap,Final,0.9197811115858068
brain_tumor_mri_44c__resnet18__resnet18_imagenet_full_img224_colab_best_gap,Final,0.9366806567379504
brain_tumor_mri_44c__resnet34__resnet34_imagenet_full_img224_colab_best_gap,Final,0.933434659033384
brain_tumor_mri_44c__resnet50__resnet50_imagenet_full_img224_colab_best_gap,Final,0.8991952183921715
brain_tumor_mri_4c__convnext_tiny__convnext_tiny_imagenet_full_img224_colab_best_gap,Final,0.9952380548414324
brain_tumor_mri_4c__densenet121__densenet121_imagenet_full_img224_colab_best_gap,Final,0.9928683865949868
brain_tumor_mri_4c__efficientnet_b0__efficientnet_b0_imagenet_full_img224_colab_best_gap,Final,0.9911005982353382
brain_tumor_mri_4c__efficientnet_b2__efficientnet_b2_imagenet_full_img260_colab_best_gap,Final,0.9946414196549542
brain_tumor_mri_4c__efficientnet_b3__efficientnet_b3_imagenet_full_img300_colab_best_gap,Final,0.9958375077339896
brain_tumor_mri_4c__mobilenet_v3_large__mobilenet_v3_large_imagenet_full_img224_colab_best_gap,Final,0.9874807322357271
brain_tumor_mri_4c__resnet18__resnet18_imagenet_full_img224_colab_best_gap,Final,0.9905204547857144
brain_tumor_mri_4c__resnet34__resnet34_imagenet_full_img224_colab_best_gap,Final,0.9952380749917868
brain_tumor_mri_4c__resnet50__resnet50_imagenet_full_img224_colab_best_gap,Final,0.9892682814234934
sciencedb_brain_tumor_3c__convnext_tiny__convnext_tiny_imagenet_full_img224_colab_best_gap,Final,0.9140199918727824
sciencedb_brain_tumor_3c__densenet121__densenet121_imagenet_full_img224_colab_best_gap,Final,0.9272341322373924
sciencedb_brain_tumor_3c__efficientnet_b0__efficientnet_b0_imagenet_full_img224_colab_best_gap,Final,0.9252762648895496
sciencedb_brain_tumor_3c__efficientnet_b2__efficientnet_b2_imagenet_full_img260_colab_best_gap,Final,0.9191700980264811
sciencedb_brain_tumor_3c__efficientnet_b3__efficientnet_b3_imagenet_full_img300_colab_best_gap,Final,0.9169727390426456
sciencedb_brain_tumor_3c__mobilenet_v3_large__mobilenet_v3_large_imagenet_full_img224_colab_best_gap,Final,0.9210166621482425
sciencedb_brain_tumor_3c__resnet18__resnet18_imagenet_full_img224_colab_best_gap,Final,0.9366965281142065
sciencedb_brain_tumor_3c__resnet34__resnet34_imagenet_full_img224_colab_best_gap,Final,0.8930265995686556
sciencedb_brain_tumor_3c__resnet50__resnet50_imagenet_full_img224_colab_best_gap,Final,0.8983475551943654
